/*
 Navicat Premium Data Transfer

 Source Server         : PhpMyAdmin
 Source Server Type    : MySQL
 Source Server Version : 100417
 Source Host           : 127.0.0.1:3306
 Source Schema         : bilge

 Target Server Type    : MySQL
 Target Server Version : 100417
 File Encoding         : 65001

 Date: 19/08/2021 19:57:57
*/

SET NAMES utf8mb4;
SET FOREIGN_KEY_CHECKS = 0;

-- ----------------------------
-- Table structure for offers
-- ----------------------------
DROP TABLE IF EXISTS `offers`;
CREATE TABLE `offers`  (
  `id` int NOT NULL AUTO_INCREMENT COMMENT 'Teklif Id si',
  `productId` int NULL DEFAULT NULL COMMENT 'Ürün Id si',
  `userId` int NULL DEFAULT NULL COMMENT 'Teklifi veren kullanıcın id si',
  `offerHead` varchar(255) CHARACTER SET utf8 COLLATE utf8_turkish_ci NULL DEFAULT NULL COMMENT 'Teklif açıklaması',
  `offerValue` varchar(255) CHARACTER SET utf8 COLLATE utf8_turkish_ci NULL DEFAULT NULL COMMENT 'Teklif para değeri',
  `offerCreateTime` datetime NULL DEFAULT NULL COMMENT 'Teklif Oluşturulma Tarihi',
  PRIMARY KEY (`id`) USING BTREE,
  INDEX `productId`(`productId`) USING BTREE,
  CONSTRAINT `offers_ibfk_1` FOREIGN KEY (`productId`) REFERENCES `products` (`id`) ON DELETE RESTRICT ON UPDATE RESTRICT
) ENGINE = InnoDB AUTO_INCREMENT = 124 CHARACTER SET = utf8 COLLATE = utf8_turkish_ci ROW_FORMAT = DYNAMIC;

-- ----------------------------
-- Records of offers
-- ----------------------------
INSERT INTO `offers` VALUES (11, 2, 1, 'baslik', '159', '2021-08-18 17:17:32');
INSERT INTO `offers` VALUES (12, 2, 1, 'baslik', '159', '2021-08-18 17:24:29');
INSERT INTO `offers` VALUES (13, 2, 1, 'baslik', '159', '2021-08-18 17:25:07');
INSERT INTO `offers` VALUES (14, 2, 1, 'baslik', '159', '2021-08-18 17:25:07');
INSERT INTO `offers` VALUES (15, 2, 1, 'baslik', '159', '2021-08-18 17:25:08');
INSERT INTO `offers` VALUES (16, 2, 1, 'baslik', '159', '2021-08-18 17:25:08');
INSERT INTO `offers` VALUES (17, 2, 1, 'baslik', '159', '2021-08-18 17:25:30');
INSERT INTO `offers` VALUES (18, 2, 1, 'baslik', '159', '2021-08-18 17:25:30');
INSERT INTO `offers` VALUES (19, 2, 1, 'baslik', '159', '2021-08-18 17:25:39');
INSERT INTO `offers` VALUES (20, 2, 1, 'baslik', '159', '2021-08-18 17:25:39');
INSERT INTO `offers` VALUES (21, 3, 1, 'Lorem ipsum dolor sit amet', '1', '2021-08-18 17:26:56');
INSERT INTO `offers` VALUES (22, 3, 1, 'Lorem ipsum dolor sit amet', '1', '2021-08-18 17:26:58');
INSERT INTO `offers` VALUES (23, 3, 1, 'Lorem ipsum dolor sit amet', '1', '2021-08-18 17:27:25');
INSERT INTO `offers` VALUES (24, 3, 1, 'Lorem ipsum dolor sit amet', '598', '2021-08-18 17:27:28');
INSERT INTO `offers` VALUES (25, 3, 1, 'Lorem ipsum dolor sit amet', '547', '2021-08-18 17:27:48');
INSERT INTO `offers` VALUES (26, 3, 1, 'Lorem ipsum dolor sit amet', '547', '2021-08-18 17:48:48');
INSERT INTO `offers` VALUES (27, 3, 1, 'Lorem ipsum dolor sit amet', '547', '2021-08-18 17:51:09');
INSERT INTO `offers` VALUES (28, 1, 1, 'Lorem ipsum dolor sit amet', '589', '2021-08-18 17:55:09');
INSERT INTO `offers` VALUES (29, 1, 1, 'Lorem ipsum dolor sit amet', '1', '2021-08-18 17:55:18');
INSERT INTO `offers` VALUES (30, 1, 1, 'Lorem ipsum dolor sit amet', '1', '2021-08-18 17:58:24');
INSERT INTO `offers` VALUES (31, 1, 1, 'Lorem ipsum dolor sit amet', '1', '2021-08-18 17:59:49');
INSERT INTO `offers` VALUES (32, 1, 1, 'Lorem ipsum dolor sit amet', '1', '2021-08-18 18:00:39');
INSERT INTO `offers` VALUES (33, 1, 1, 'Lorem ipsum dolor sit amet', '1', '2021-08-18 18:13:13');
INSERT INTO `offers` VALUES (34, 1, 1, 'Lorem ipsum dolor sit amet', '1', '2021-08-18 18:13:20');
INSERT INTO `offers` VALUES (35, 1, 1, 'Lorem ipsum dolor sit amet', '10', '2021-08-18 18:14:28');
INSERT INTO `offers` VALUES (36, 1, 1, 'Lorem ipsum dolor sit amet', '111', '2021-08-18 18:15:03');
INSERT INTO `offers` VALUES (37, 1, 1, 'Lorem ipsum dolor sit amet', '111', '2021-08-18 18:15:38');
INSERT INTO `offers` VALUES (38, 1, 1, 'Lorem ipsum dolor sit amet', '111', '2021-08-18 18:20:07');
INSERT INTO `offers` VALUES (39, 1, 1, 'Lorem ipsum dolor sit amet', '111', '2021-08-18 18:22:36');
INSERT INTO `offers` VALUES (40, 1, 1, 'Lorem ipsum dolor sit amet', '111', '2021-08-18 18:23:35');
INSERT INTO `offers` VALUES (41, 2, 1, 'Lorem ipsum dolor sit amet', '159', '2021-08-18 18:23:50');
INSERT INTO `offers` VALUES (42, 2, 1, 'Lorem ipsum dolor sit amet', '159', '2021-08-18 18:26:02');
INSERT INTO `offers` VALUES (43, 1, 1, 'Lorem ipsum dolor sit amet', '111', '2021-08-18 18:27:38');
INSERT INTO `offers` VALUES (44, 1, 1, 'Lorem ipsum dolor sit amet', '111', '2021-08-18 18:28:13');
INSERT INTO `offers` VALUES (45, 1, 1, 'Lorem ipsum dolor sit amet', '111', '2021-08-18 18:30:01');
INSERT INTO `offers` VALUES (46, 1, 1, 'Lorem ipsum dolor sit amet', '111', '2021-08-18 18:30:27');
INSERT INTO `offers` VALUES (47, 1, 1, 'Lorem ipsum dolor sit amet', '111', '2021-08-18 18:30:29');
INSERT INTO `offers` VALUES (48, 1, 1, 'Lorem ipsum dolor sit amet', '111', '2021-08-18 18:30:37');
INSERT INTO `offers` VALUES (49, 1, 1, 'baslik', '159', '2021-08-18 18:31:31');
INSERT INTO `offers` VALUES (50, 1, 1, 'Lorem ipsum dolor sit amet', '159', '2021-08-18 18:31:52');
INSERT INTO `offers` VALUES (51, 1, 1, 'Lorem ipsum dolor sit amet', '159', '2021-08-18 18:31:59');
INSERT INTO `offers` VALUES (52, 1, 1, 'Lorem ipsum dolor sit amet', '159', '2021-08-18 18:32:02');
INSERT INTO `offers` VALUES (53, 1, 1, 'Lorem ipsum dolor sit amet', '1', '2021-08-18 18:32:46');
INSERT INTO `offers` VALUES (54, 8, 1, 'Lorem ipsum 5', '8', '2021-08-18 18:34:08');
INSERT INTO `offers` VALUES (55, 8, 1, 'Lorem ipsum 5', '18', '2021-08-18 18:34:48');
INSERT INTO `offers` VALUES (56, 8, 1, 'Lorem ipsum 5', '19', '2021-08-18 18:34:55');
INSERT INTO `offers` VALUES (57, 8, 1, 'Lorem ipsum 5', '859', '2021-08-18 18:35:04');
INSERT INTO `offers` VALUES (58, 8, 1, 'Lorem ipsum 5', '859', '2021-08-18 18:35:43');
INSERT INTO `offers` VALUES (59, 3, 1, 'Lorem ipsum dolor sit amet', '1', '2021-08-18 18:36:04');
INSERT INTO `offers` VALUES (60, 3, 1, 'Lorem ipsum dolor sit amet', '1', '2021-08-18 18:36:07');
INSERT INTO `offers` VALUES (61, 3, 1, 'Lorem ipsum dolor sit amet', '1', '2021-08-18 18:36:16');
INSERT INTO `offers` VALUES (62, 3, 1, 'BOŞ', '0', '2021-08-18 18:40:48');
INSERT INTO `offers` VALUES (63, 12, 1, 'BOŞ', '0', '2021-08-18 18:41:00');
INSERT INTO `offers` VALUES (64, 12, 1, 'BOŞ', '0', '2021-08-18 18:41:03');
INSERT INTO `offers` VALUES (65, 12, 1, 'BOŞ', '0', '2021-08-18 18:41:06');
INSERT INTO `offers` VALUES (66, 1, 1, 'BOŞ', '0', '2021-08-18 18:41:24');
INSERT INTO `offers` VALUES (67, 1, 1, 'Lorem ipsum dolor sit amet', '0', '2021-08-18 18:45:01');
INSERT INTO `offers` VALUES (68, 1, 1, 'Lorem ipsum dolor sit amet', '0', '2021-08-18 18:45:08');
INSERT INTO `offers` VALUES (69, 1, 1, 'Lorem ipsum dolor sit amet', '0', '2021-08-18 18:45:16');
INSERT INTO `offers` VALUES (70, 4, 1, 'Lorem ipsum 1', '0', '2021-08-18 18:46:38');
INSERT INTO `offers` VALUES (71, 4, 1, 'Lorem ipsum 1', '0', '2021-08-18 18:46:46');
INSERT INTO `offers` VALUES (72, 2, 1, 'Lorem ipsum dolor sit amet', '159', '2021-08-18 20:35:40');
INSERT INTO `offers` VALUES (73, 2, 1, 'Lorem ipsum dolor sit amet', '159', '2021-08-18 20:37:52');
INSERT INTO `offers` VALUES (74, 1, 1, 'Lorem ipsum dolor sit amet', '0', '2021-08-18 20:46:26');
INSERT INTO `offers` VALUES (75, 1, 1, 'Lorem ipsum dolor sit amet', '0', '2021-08-18 20:46:40');
INSERT INTO `offers` VALUES (76, 1, 1, 'Lorem ipsum dolor sit amet', '0', '2021-08-18 20:46:43');
INSERT INTO `offers` VALUES (77, 1, 1, 'Lorem ipsum dolor sit amet', '0', '2021-08-18 20:51:01');
INSERT INTO `offers` VALUES (78, 1, 1, 'Lorem ipsum dolor sit amet', '888', '2021-08-18 20:53:55');
INSERT INTO `offers` VALUES (79, 1, 1, 'Lorem ipsum dolor sit amet', '1', '2021-08-18 20:54:26');
INSERT INTO `offers` VALUES (80, 1, 1, 'Lorem ipsum dolor sit amet', '1', '2021-08-18 20:54:28');
INSERT INTO `offers` VALUES (81, 1, 1, 'Lorem ipsum dolor sit amet', '1', '2021-08-18 20:54:31');
INSERT INTO `offers` VALUES (82, 1, 1, 'Lorem ipsum dolor sit amet', '1', '2021-08-18 20:54:56');
INSERT INTO `offers` VALUES (83, 1, 1, 'Lorem ipsum dolor sit amet', '1', '2021-08-18 20:55:33');
INSERT INTO `offers` VALUES (84, 1, 1, 'Lorem ipsum dolor sit amet', '1', '2021-08-18 20:55:36');
INSERT INTO `offers` VALUES (85, 1, 1, 'Lorem ipsum dolor sit amet', '1', '2021-08-18 20:55:39');
INSERT INTO `offers` VALUES (86, 3, 1, 'Lorem ipsum dolor sit amet', '1', '2021-08-18 20:55:53');
INSERT INTO `offers` VALUES (87, 3, 1, 'Lorem ipsum dolor sit amet', '4', '2021-08-18 20:55:59');
INSERT INTO `offers` VALUES (88, 3, 1, 'Lorem ipsum dolor sit amet', '4', '2021-08-18 20:58:18');
INSERT INTO `offers` VALUES (89, 4, 1, 'Lorem ipsum 1', '1', '2021-08-18 20:58:31');
INSERT INTO `offers` VALUES (90, 9, 1, 'Lorem ipsum 6', '2', '2021-08-18 21:01:26');
INSERT INTO `offers` VALUES (91, 26, 1, 'BOŞ', '1', '2021-08-19 12:11:24');
INSERT INTO `offers` VALUES (92, 26, 1, 'BOŞ', '1', '2021-08-19 12:14:16');
INSERT INTO `offers` VALUES (93, 3, 1, 'BOŞ', '1', '2021-08-19 12:15:47');
INSERT INTO `offers` VALUES (94, 3, 1, 'BOŞ', '1', '2021-08-19 12:16:02');
INSERT INTO `offers` VALUES (95, 3, 1, 'BOŞ', '1', '2021-08-19 12:16:27');
INSERT INTO `offers` VALUES (96, 3, 1, 'BOŞ', '1', '2021-08-19 12:17:16');
INSERT INTO `offers` VALUES (97, 3, 1, 'BOŞ', '1', '2021-08-19 12:17:32');
INSERT INTO `offers` VALUES (98, 3, 1, 'BOŞ', '1', '2021-08-19 12:18:10');
INSERT INTO `offers` VALUES (99, 3, 1, 'BOŞ', '1', '2021-08-19 12:19:14');
INSERT INTO `offers` VALUES (100, 3, 1, 'BOŞ', '1', '2021-08-19 12:20:52');
INSERT INTO `offers` VALUES (101, 3, 1, 'BOŞ', '1', '2021-08-19 12:21:19');
INSERT INTO `offers` VALUES (102, 3, 1, 'BOŞ', '1', '2021-08-19 12:22:18');
INSERT INTO `offers` VALUES (103, 3, 1, 'BOŞ', '1', '2021-08-19 12:23:01');
INSERT INTO `offers` VALUES (104, 3, 1, 'BOŞ', '1', '2021-08-19 12:23:31');
INSERT INTO `offers` VALUES (105, 3, 1, 'BOŞ', '1', '2021-08-19 12:25:38');
INSERT INTO `offers` VALUES (106, 3, 1, 'BOŞ', '1', '2021-08-19 12:26:25');
INSERT INTO `offers` VALUES (107, 3, 1, 'BOŞ', '1', '2021-08-19 12:26:39');
INSERT INTO `offers` VALUES (108, 3, 1, 'BOŞ', '1', '2021-08-19 12:26:50');
INSERT INTO `offers` VALUES (109, 3, 1, 'BOŞ', '1', '2021-08-19 12:28:06');
INSERT INTO `offers` VALUES (110, 3, 1, 'BOŞ', '1', '2021-08-19 12:28:54');
INSERT INTO `offers` VALUES (111, 3, 1, 'BOŞ', '1', '2021-08-19 12:29:13');
INSERT INTO `offers` VALUES (112, 3, 1, 'BOŞ', '1', '2021-08-19 12:29:20');
INSERT INTO `offers` VALUES (113, 3, 1, 'BOŞ', '1', '2021-08-19 12:29:34');
INSERT INTO `offers` VALUES (114, 3, 1, 'BOŞ', '1', '2021-08-19 12:29:58');
INSERT INTO `offers` VALUES (115, 3, 1, 'BOŞ', '1', '2021-08-19 12:30:14');
INSERT INTO `offers` VALUES (116, 3, 1, 'BOŞ', '1', '2021-08-19 12:30:40');
INSERT INTO `offers` VALUES (117, 3, 1, 'BOŞ', '1', '2021-08-19 12:30:51');
INSERT INTO `offers` VALUES (118, 3, 1, 'BOŞ', '1', '2021-08-19 12:31:00');
INSERT INTO `offers` VALUES (119, 3, 1, 'BOŞ', '1', '2021-08-19 12:31:17');
INSERT INTO `offers` VALUES (120, 1, 1, 'BOŞ', '1', '2021-08-19 12:46:05');
INSERT INTO `offers` VALUES (121, 1, 1, 'BOŞ', '8', '2021-08-19 12:46:13');
INSERT INTO `offers` VALUES (122, 1, 1, 'BOŞ', '1', '2021-08-19 13:31:32');
INSERT INTO `offers` VALUES (123, 1, 1, 'BOŞ', '1', '2021-08-19 13:34:08');

-- ----------------------------
-- Table structure for productcategories
-- ----------------------------
DROP TABLE IF EXISTS `productcategories`;
CREATE TABLE `productcategories`  (
  `id` int NOT NULL AUTO_INCREMENT COMMENT 'Ürün Kategori Id si',
  `category` varchar(255) CHARACTER SET utf8 COLLATE utf8_turkish_ci NULL DEFAULT NULL COMMENT 'Ürün Kategori Değeri',
  PRIMARY KEY (`id`) USING BTREE
) ENGINE = InnoDB AUTO_INCREMENT = 12 CHARACTER SET = utf8 COLLATE = utf8_turkish_ci ROW_FORMAT = DYNAMIC;

-- ----------------------------
-- Records of productcategories
-- ----------------------------
INSERT INTO `productcategories` VALUES (1, 'DEMİR ÇELİK');
INSERT INTO `productcategories` VALUES (2, 'ELEKTRONİK MALZEMELERİ');
INSERT INTO `productcategories` VALUES (3, 'ELEKTRİK MOTORLARI');
INSERT INTO `productcategories` VALUES (4, 'REDÜKTÖR');
INSERT INTO `productcategories` VALUES (5, 'RULMAN, KEÇE VE KAYIŞ');
INSERT INTO `productcategories` VALUES (6, 'HIRDAVAT');
INSERT INTO `productcategories` VALUES (7, 'LAZER KESİM VE PLAZMA ÜRÜNLERİ');
INSERT INTO `productcategories` VALUES (8, 'SANAYİ MAKİNALARI');
INSERT INTO `productcategories` VALUES (9, 'KALIP SANAYİ');
INSERT INTO `productcategories` VALUES (10, 'DİŞLİ SANAYİ');
INSERT INTO `productcategories` VALUES (11, 'ALÜMİNYUM');

-- ----------------------------
-- Table structure for products
-- ----------------------------
DROP TABLE IF EXISTS `products`;
CREATE TABLE `products`  (
  `id` int NOT NULL AUTO_INCREMENT COMMENT 'Ürün Id si',
  `categoryId` int NULL DEFAULT NULL COMMENT 'Ürünün bağlı olduğu kategori id si',
  `productName` varchar(255) CHARACTER SET utf8 COLLATE utf8_turkish_ci NULL DEFAULT NULL COMMENT 'Ürün adı',
  `offerCreateTime` datetime NULL DEFAULT NULL COMMENT 'Ürün Teklif Oluşturabilme Tarihi',
  `offerFinishedTime` datetime NULL DEFAULT NULL COMMENT 'Ürün teklif süre sonu tarihi',
  `productImage` varchar(255) CHARACTER SET utf8 COLLATE utf8_turkish_ci NULL DEFAULT NULL COMMENT 'Ürün resim alanı',
  `productDescription` text CHARACTER SET utf8 COLLATE utf8_turkish_ci NULL COMMENT 'Ürün açıklaması',
  `productSubDescription` text CHARACTER SET utf8 COLLATE utf8_turkish_ci NULL COMMENT 'Ürün alt açıklaması',
  PRIMARY KEY (`id`) USING BTREE,
  INDEX `categoryId`(`categoryId`) USING BTREE,
  CONSTRAINT `products_ibfk_1` FOREIGN KEY (`categoryId`) REFERENCES `productcategories` (`id`) ON DELETE RESTRICT ON UPDATE RESTRICT
) ENGINE = InnoDB AUTO_INCREMENT = 29 CHARACTER SET = utf8 COLLATE = utf8_turkish_ci ROW_FORMAT = DYNAMIC;

-- ----------------------------
-- Records of products
-- ----------------------------
INSERT INTO `products` VALUES (1, 1, 'Lorem ipsum dolor sit amet', '2020-05-02 21:48:54', '2020-05-08 21:48:59', 'http://alimsatimcim.com/mobil/240912590.jpg', 'Lorem ipsum dolor sit amet, consectetur adipiscing elit. Ut risus urna, mattis in dapibus ac, euismod sed enim. Pellentesque in cursus orci. Nunc nec risus eu turpis ullamcorper placerat. Suspendisse aliquam, elit ut lobortis euismod, felis nisi pretium lectus, et ultrices arcu purus eget libero. Mauris sed enim euismod, volutpat ligula vitae, fermentum orci.', 'Suspendisse a ipsum vestibulum, hendrerit velit et, elementum est. Morbi dictum purus eu mauris pretium auctor. Nulla vitae metus eget dui vestibulum maximus at a augue. Class aptent taciti sociosqu ad litora torquent per conubia nostra, per inceptos himenaeos. Donec scelerisque hendrerit nulla, id efficitur lacus posuere vitae. Class aptent taciti sociosqu ad litora torquent per conubia nostra, per inceptos himenaeos. Etiam nunc nunc, porttitor ac enim a, tempor mattis nunc. Duis tristique volutpat tempor. Fusce viverra elit non orci porttitor elementum.\r\n\r\nProin sed mollis lorem. Integer laoreet euismod nunc, in dictum nisl rutrum vel. Etiam rhoncus ornare nulla ut placerat. Vestibulum ante eros, faucibus sed orci vel, luctus lobortis leo. Proin id mauris et enim finibus tristique non at nisi. Nam tincidunt ultrices orci, non posuere erat tristique id. Praesent mauris quam, faucibus id diam at, interdum tincidunt nunc. Donec massa libero, fringilla sed est at, bibendum rhoncus nisl. Sed lectus justo, pulvinar ut ante ac, bibendum fermentum mi. Nullam a orci ut sapien malesuada rutrum. Cras ex metus, venenatis sit amet tristique a, laoreet ac diam. Donec lobortis sodales lorem a tincidunt. Cras ut hendrerit mauris. Nulla facilisi. Nam nec eros lobortis leo maximus mattis a a nulla. Etiam posuere, ante sit amet sagittis sollicitudin, diam elit laoreet neque, non sagittis mi leo quis massa.');
INSERT INTO `products` VALUES (2, 1, 'Lorem ipsum dolor sit amet', '2020-05-02 21:48:54', '2020-05-07 21:48:54', 'https://alimsatimcim.com/mobil/15644458941160mobil.jpeg', 'Lorem ipsum dolor sit amet, consectetur adipiscing elit. Ut risus urna, mattis in dapibus ac, euismod sed enim. Pellentesque in cursus orci. Nunc nec risus eu turpis ullamcorper placerat. Suspendisse aliquam, elit ut lobortis euismod, felis nisi pretium lectus, et ultrices arcu purus eget libero. Mauris sed enim euismod, volutpat ligula vitae, fermentum orci.', 'Suspendisse a ipsum vestibulum, hendrerit velit et, elementum est. Morbi dictum purus eu mauris pretium auctor. Nulla vitae metus eget dui vestibulum maximus at a augue. Class aptent taciti sociosqu ad litora torquent per conubia nostra, per inceptos himenaeos. Donec scelerisque hendrerit nulla, id efficitur lacus posuere vitae. Class aptent taciti sociosqu ad litora torquent per conubia nostra, per inceptos himenaeos. Etiam nunc nunc, porttitor ac enim a, tempor mattis nunc. Duis tristique volutpat tempor. Fusce viverra elit non orci porttitor elementum.\r\n\r\nProin sed mollis lorem. Integer laoreet euismod nunc, in dictum nisl rutrum vel. Etiam rhoncus ornare nulla ut placerat. Vestibulum ante eros, faucibus sed orci vel, luctus lobortis leo. Proin id mauris et enim finibus tristique non at nisi. Nam tincidunt ultrices orci, non posuere erat tristique id. Praesent mauris quam, faucibus id diam at, interdum tincidunt nunc. Donec massa libero, fringilla sed est at, bibendum rhoncus nisl. Sed lectus justo, pulvinar ut ante ac, bibendum fermentum mi. Nullam a orci ut sapien malesuada rutrum. Cras ex metus, venenatis sit amet tristique a, laoreet ac diam. Donec lobortis sodales lorem a tincidunt. Cras ut hendrerit mauris. Nulla facilisi. Nam nec eros lobortis leo maximus mattis a a nulla. Etiam posuere, ante sit amet sagittis sollicitudin, diam elit laoreet neque, non sagittis mi leo quis massa.');
INSERT INTO `products` VALUES (3, 2, 'Lorem ipsum dolor sit amet', '2020-05-02 21:48:54', '2020-05-07 21:48:54', 'https://dummyimage.com/450x300/dee2e6/6c757d.jpg', 'Lorem ipsum dolor sit amet, consectetur adipiscing elit. Ut risus urna, mattis in dapibus ac, euismod sed enim. Pellentesque in cursus orci. Nunc nec risus eu turpis ullamcorper placerat. Suspendisse aliquam, elit ut lobortis euismod, felis nisi pretium lectus, et ultrices arcu purus eget libero. Mauris sed enim euismod, volutpat ligula vitae, fermentum orci.', 'Suspendisse a ipsum vestibulum, hendrerit velit et, elementum est. Morbi dictum purus eu mauris pretium auctor. Nulla vitae metus eget dui vestibulum maximus at a augue. Class aptent taciti sociosqu ad litora torquent per conubia nostra, per inceptos himenaeos. Donec scelerisque hendrerit nulla, id efficitur lacus posuere vitae. Class aptent taciti sociosqu ad litora torquent per conubia nostra, per inceptos himenaeos. Etiam nunc nunc, porttitor ac enim a, tempor mattis nunc. Duis tristique volutpat tempor. Fusce viverra elit non orci porttitor elementum.\r\n\r\nProin sed mollis lorem. Integer laoreet euismod nunc, in dictum nisl rutrum vel. Etiam rhoncus ornare nulla ut placerat. Vestibulum ante eros, faucibus sed orci vel, luctus lobortis leo. Proin id mauris et enim finibus tristique non at nisi. Nam tincidunt ultrices orci, non posuere erat tristique id. Praesent mauris quam, faucibus id diam at, interdum tincidunt nunc. Donec massa libero, fringilla sed est at, bibendum rhoncus nisl. Sed lectus justo, pulvinar ut ante ac, bibendum fermentum mi. Nullam a orci ut sapien malesuada rutrum. Cras ex metus, venenatis sit amet tristique a, laoreet ac diam. Donec lobortis sodales lorem a tincidunt. Cras ut hendrerit mauris. Nulla facilisi. Nam nec eros lobortis leo maximus mattis a a nulla. Etiam posuere, ante sit amet sagittis sollicitudin, diam elit laoreet neque, non sagittis mi leo quis massa.');
INSERT INTO `products` VALUES (4, 2, 'Lorem ipsum 1', '2020-05-03 22:05:13', '2020-05-07 21:45:59', 'https://alimsatimcim.com/mobil/63039272.jpg', 'Lorem ipsum dolor sit amet, consectetur adipiscing elit. Ut risus urna, mattis in dapibus ac, euismod sed enim. Pellentesque in cursus orci. Nunc nec risus eu turpis ullamcorper placerat. Suspendisse aliquam', 'Suspendisse a ipsum vestibulum, hendrerit velit et, elementum est. Morbi dictum purus eu mauris pretium auctor. Nulla vitae metus eget dui vestibulum maximus at a augue. Class aptent taciti sociosqu ad litora torquent per conubia nostra, per inceptos himenaeos. Donec scelerisque hendrerit nulla, id efficitur lacus posuere vitae. Class aptent taciti sociosqu ad litora torquent per conubia nostra, per inceptos himenaeos. Etiam nunc nunc, porttitor ac enim a, tempor mattis nunc. Duis tristique volutpat tempor. Fusce viverra elit non orci porttitor elementum.\r\n\r\nProin sed mollis lorem. Integer laoreet euismod nunc, in dictum nisl rutrum vel. Etiam rhoncus ornare nulla ut placerat. Vestibulum ante eros, faucibus sed orci vel, luctus lobortis leo. Proin id mauris et enim finibus tristique non at nisi. Nam tincidunt ultrices orci, non posuere erat tristique id. Praesent mauris quam, faucibus id diam at, interdum tincidunt nunc. Donec massa libero, fringilla sed est at, bibendum rhoncus nisl. Sed lectus justo, pulvinar ut ante ac, bibendum fermentum mi. Nullam a orci ut sapien malesuada rutrum. Cras ex metus, venenatis sit amet tristique a, laoreet ac diam. Donec lobortis sodales lorem a tincidunt. Cras ut hendrerit mauris. Nulla facilisi. Nam nec eros lobortis leo maximus mattis a a nulla. Etiam posuere, ante sit amet sagittis sollicitudin, diam elit laoreet neque, non sagittis mi leo quis massa.\r\n\r\nNullam urna augue, porttitor a tincidunt ac, bibendum et tellus. Integer faucibus odio eget dictum condimentum. Sed nisi dolor, congue volutpat suscipit ac, facilisis at orci. Nullam ultricies tellus orci, nec imperdiet felis dictum nec. Nullam condimentum blandit augue eget interdum. Praesent ullamcorper venenatis ante ac convallis. Curabitur eget ante quis nisl imperdiet luctus. Duis congue turpis nibh, ac euismod nulla malesuada eu. Nunc mattis felis quis aliquet mollis. Aliquam erat volutpat. Suspendisse potenti. Ut fermentum convallis aliquam. Nullam a luctus ligula. Class aptent taciti sociosqu ad litora torquent per conubia nostra, per inceptos himenaeos. Integer massa velit, ullamcorper at auctor a, dignissim gravida augue.');
INSERT INTO `products` VALUES (5, 3, 'Lorem ipsum 2', '2020-05-03 22:05:13', '2020-05-07 21:45:59', 'https://alimsatimcim.com/mobil/86852701.jpg', 'Lorem ipsum dolor sit amet, consectetur adipiscing elit. Ut risus urna, mattis in dapibus ac, euismod sed enim. Pellentesque in cursus orci. Nunc nec risus eu turpis ullamcorper placerat. Suspendisse aliquam', 'Suspendisse a ipsum vestibulum, hendrerit velit et, elementum est. Morbi dictum purus eu mauris pretium auctor. Nulla vitae metus eget dui vestibulum maximus at a augue. Class aptent taciti sociosqu ad litora torquent per conubia nostra, per inceptos himenaeos. Donec scelerisque hendrerit nulla, id efficitur lacus posuere vitae. Class aptent taciti sociosqu ad litora torquent per conubia nostra, per inceptos himenaeos. Etiam nunc nunc, porttitor ac enim a, tempor mattis nunc. Duis tristique volutpat tempor. Fusce viverra elit non orci porttitor elementum.\r\n\r\nProin sed mollis lorem. Integer laoreet euismod nunc, in dictum nisl rutrum vel. Etiam rhoncus ornare nulla ut placerat. Vestibulum ante eros, faucibus sed orci vel, luctus lobortis leo. Proin id mauris et enim finibus tristique non at nisi. Nam tincidunt ultrices orci, non posuere erat tristique id. Praesent mauris quam, faucibus id diam at, interdum tincidunt nunc. Donec massa libero, fringilla sed est at, bibendum rhoncus nisl. Sed lectus justo, pulvinar ut ante ac, bibendum fermentum mi. Nullam a orci ut sapien malesuada rutrum. Cras ex metus, venenatis sit amet tristique a, laoreet ac diam. Donec lobortis sodales lorem a tincidunt. Cras ut hendrerit mauris. Nulla facilisi. Nam nec eros lobortis leo maximus mattis a a nulla. Etiam posuere, ante sit amet sagittis sollicitudin, diam elit laoreet neque, non sagittis mi leo quis massa.\r\n\r\nNullam urna augue, porttitor a tincidunt ac, bibendum et tellus. Integer faucibus odio eget dictum condimentum. Sed nisi dolor, congue volutpat suscipit ac, facilisis at orci. Nullam ultricies tellus orci, nec imperdiet felis dictum nec. Nullam condimentum blandit augue eget interdum. Praesent ullamcorper venenatis ante ac convallis. Curabitur eget ante quis nisl imperdiet luctus. Duis congue turpis nibh, ac euismod nulla malesuada eu. Nunc mattis felis quis aliquet mollis. Aliquam erat volutpat. Suspendisse potenti. Ut fermentum convallis aliquam. Nullam a luctus ligula. Class aptent taciti sociosqu ad litora torquent per conubia nostra, per inceptos himenaeos. Integer massa velit, ullamcorper at auctor a, dignissim gravida augue.');
INSERT INTO `products` VALUES (6, 4, 'Lorem ipsum 3', '2020-05-03 22:05:13', '2020-05-07 21:45:59', 'https://alimsatimcim.com/mobil/103794509.jpg', 'Lorem ipsum dolor sit amet, consectetur adipiscing elit. Ut risus urna, mattis in dapibus ac, euismod sed enim. Pellentesque in cursus orci. Nunc nec risus eu turpis ullamcorper placerat. Suspendisse aliquam', 'Suspendisse a ipsum vestibulum, hendrerit velit et, elementum est. Morbi dictum purus eu mauris pretium auctor. Nulla vitae metus eget dui vestibulum maximus at a augue. Class aptent taciti sociosqu ad litora torquent per conubia nostra, per inceptos himenaeos. Donec scelerisque hendrerit nulla, id efficitur lacus posuere vitae. Class aptent taciti sociosqu ad litora torquent per conubia nostra, per inceptos himenaeos. Etiam nunc nunc, porttitor ac enim a, tempor mattis nunc. Duis tristique volutpat tempor. Fusce viverra elit non orci porttitor elementum.\r\n\r\nProin sed mollis lorem. Integer laoreet euismod nunc, in dictum nisl rutrum vel. Etiam rhoncus ornare nulla ut placerat. Vestibulum ante eros, faucibus sed orci vel, luctus lobortis leo. Proin id mauris et enim finibus tristique non at nisi. Nam tincidunt ultrices orci, non posuere erat tristique id. Praesent mauris quam, faucibus id diam at, interdum tincidunt nunc. Donec massa libero, fringilla sed est at, bibendum rhoncus nisl. Sed lectus justo, pulvinar ut ante ac, bibendum fermentum mi. Nullam a orci ut sapien malesuada rutrum. Cras ex metus, venenatis sit amet tristique a, laoreet ac diam. Donec lobortis sodales lorem a tincidunt. Cras ut hendrerit mauris. Nulla facilisi. Nam nec eros lobortis leo maximus mattis a a nulla. Etiam posuere, ante sit amet sagittis sollicitudin, diam elit laoreet neque, non sagittis mi leo quis massa.\r\n\r\nNullam urna augue, porttitor a tincidunt ac, bibendum et tellus. Integer faucibus odio eget dictum condimentum. Sed nisi dolor, congue volutpat suscipit ac, facilisis at orci. Nullam ultricies tellus orci, nec imperdiet felis dictum nec. Nullam condimentum blandit augue eget interdum. Praesent ullamcorper venenatis ante ac convallis. Curabitur eget ante quis nisl imperdiet luctus. Duis congue turpis nibh, ac euismod nulla malesuada eu. Nunc mattis felis quis aliquet mollis. Aliquam erat volutpat. Suspendisse potenti. Ut fermentum convallis aliquam. Nullam a luctus ligula. Class aptent taciti sociosqu ad litora torquent per conubia nostra, per inceptos himenaeos. Integer massa velit, ullamcorper at auctor a, dignissim gravida augue.');
INSERT INTO `products` VALUES (7, 5, 'Lorem ipsum 4', '2020-05-03 22:05:13', '2020-05-07 21:45:59', 'https://alimsatimcim.com/mobil/120131711.jpg', 'Lorem ipsum dolor sit amet, consectetur adipiscing elit. Ut risus urna, mattis in dapibus ac, euismod sed enim. Pellentesque in cursus orci. Nunc nec risus eu turpis ullamcorper placerat. Suspendisse aliquam', 'Suspendisse a ipsum vestibulum, hendrerit velit et, elementum est. Morbi dictum purus eu mauris pretium auctor. Nulla vitae metus eget dui vestibulum maximus at a augue. Class aptent taciti sociosqu ad litora torquent per conubia nostra, per inceptos himenaeos. Donec scelerisque hendrerit nulla, id efficitur lacus posuere vitae. Class aptent taciti sociosqu ad litora torquent per conubia nostra, per inceptos himenaeos. Etiam nunc nunc, porttitor ac enim a, tempor mattis nunc. Duis tristique volutpat tempor. Fusce viverra elit non orci porttitor elementum.\r\n\r\nProin sed mollis lorem. Integer laoreet euismod nunc, in dictum nisl rutrum vel. Etiam rhoncus ornare nulla ut placerat. Vestibulum ante eros, faucibus sed orci vel, luctus lobortis leo. Proin id mauris et enim finibus tristique non at nisi. Nam tincidunt ultrices orci, non posuere erat tristique id. Praesent mauris quam, faucibus id diam at, interdum tincidunt nunc. Donec massa libero, fringilla sed est at, bibendum rhoncus nisl. Sed lectus justo, pulvinar ut ante ac, bibendum fermentum mi. Nullam a orci ut sapien malesuada rutrum. Cras ex metus, venenatis sit amet tristique a, laoreet ac diam. Donec lobortis sodales lorem a tincidunt. Cras ut hendrerit mauris. Nulla facilisi. Nam nec eros lobortis leo maximus mattis a a nulla. Etiam posuere, ante sit amet sagittis sollicitudin, diam elit laoreet neque, non sagittis mi leo quis massa.\r\n\r\nNullam urna augue, porttitor a tincidunt ac, bibendum et tellus. Integer faucibus odio eget dictum condimentum. Sed nisi dolor, congue volutpat suscipit ac, facilisis at orci. Nullam ultricies tellus orci, nec imperdiet felis dictum nec. Nullam condimentum blandit augue eget interdum. Praesent ullamcorper venenatis ante ac convallis. Curabitur eget ante quis nisl imperdiet luctus. Duis congue turpis nibh, ac euismod nulla malesuada eu. Nunc mattis felis quis aliquet mollis. Aliquam erat volutpat. Suspendisse potenti. Ut fermentum convallis aliquam. Nullam a luctus ligula. Class aptent taciti sociosqu ad litora torquent per conubia nostra, per inceptos himenaeos. Integer massa velit, ullamcorper at auctor a, dignissim gravida augue.');
INSERT INTO `products` VALUES (8, 4, 'Lorem ipsum 5', '2020-05-03 22:05:13', '2020-05-07 21:45:59', 'https://alimsatimcim.com/mobil/154723582.jpg', 'Lorem ipsum dolor sit amet, consectetur adipiscing elit. Ut risus urna, mattis in dapibus ac, euismod sed enim. Pellentesque in cursus orci. Nunc nec risus eu turpis ullamcorper placerat. Suspendisse aliquam', 'Suspendisse a ipsum vestibulum, hendrerit velit et, elementum est. Morbi dictum purus eu mauris pretium auctor. Nulla vitae metus eget dui vestibulum maximus at a augue. Class aptent taciti sociosqu ad litora torquent per conubia nostra, per inceptos himenaeos. Donec scelerisque hendrerit nulla, id efficitur lacus posuere vitae. Class aptent taciti sociosqu ad litora torquent per conubia nostra, per inceptos himenaeos. Etiam nunc nunc, porttitor ac enim a, tempor mattis nunc. Duis tristique volutpat tempor. Fusce viverra elit non orci porttitor elementum.\r\n\r\nProin sed mollis lorem. Integer laoreet euismod nunc, in dictum nisl rutrum vel. Etiam rhoncus ornare nulla ut placerat. Vestibulum ante eros, faucibus sed orci vel, luctus lobortis leo. Proin id mauris et enim finibus tristique non at nisi. Nam tincidunt ultrices orci, non posuere erat tristique id. Praesent mauris quam, faucibus id diam at, interdum tincidunt nunc. Donec massa libero, fringilla sed est at, bibendum rhoncus nisl. Sed lectus justo, pulvinar ut ante ac, bibendum fermentum mi. Nullam a orci ut sapien malesuada rutrum. Cras ex metus, venenatis sit amet tristique a, laoreet ac diam. Donec lobortis sodales lorem a tincidunt. Cras ut hendrerit mauris. Nulla facilisi. Nam nec eros lobortis leo maximus mattis a a nulla. Etiam posuere, ante sit amet sagittis sollicitudin, diam elit laoreet neque, non sagittis mi leo quis massa.\r\n\r\nNullam urna augue, porttitor a tincidunt ac, bibendum et tellus. Integer faucibus odio eget dictum condimentum. Sed nisi dolor, congue volutpat suscipit ac, facilisis at orci. Nullam ultricies tellus orci, nec imperdiet felis dictum nec. Nullam condimentum blandit augue eget interdum. Praesent ullamcorper venenatis ante ac convallis. Curabitur eget ante quis nisl imperdiet luctus. Duis congue turpis nibh, ac euismod nulla malesuada eu. Nunc mattis felis quis aliquet mollis. Aliquam erat volutpat. Suspendisse potenti. Ut fermentum convallis aliquam. Nullam a luctus ligula. Class aptent taciti sociosqu ad litora torquent per conubia nostra, per inceptos himenaeos. Integer massa velit, ullamcorper at auctor a, dignissim gravida augue.');
INSERT INTO `products` VALUES (9, 2, 'Lorem ipsum 6', '2020-05-03 22:05:56', '2020-05-07 21:45:59', 'https://alimsatimcim.com/mobil/185618918.jpg', 'Lorem ipsum dolor sit amet, consectetur adipiscing elit. Ut risus urna, mattis in dapibus ac, euismod sed enim. Pellentesque in cursus orci. Nunc nec risus eu turpis ullamcorper placerat. Suspendisse aliquam', 'Suspendisse a ipsum vestibulum, hendrerit velit et, elementum est. Morbi dictum purus eu mauris pretium auctor. Nulla vitae metus eget dui vestibulum maximus at a augue. Class aptent taciti sociosqu ad litora torquent per conubia nostra, per inceptos himenaeos. Donec scelerisque hendrerit nulla, id efficitur lacus posuere vitae. Class aptent taciti sociosqu ad litora torquent per conubia nostra, per inceptos himenaeos. Etiam nunc nunc, porttitor ac enim a, tempor mattis nunc. Duis tristique volutpat tempor. Fusce viverra elit non orci porttitor elementum.\r\n\r\nProin sed mollis lorem. Integer laoreet euismod nunc, in dictum nisl rutrum vel. Etiam rhoncus ornare nulla ut placerat. Vestibulum ante eros, faucibus sed orci vel, luctus lobortis leo. Proin id mauris et enim finibus tristique non at nisi. Nam tincidunt ultrices orci, non posuere erat tristique id. Praesent mauris quam, faucibus id diam at, interdum tincidunt nunc. Donec massa libero, fringilla sed est at, bibendum rhoncus nisl. Sed lectus justo, pulvinar ut ante ac, bibendum fermentum mi. Nullam a orci ut sapien malesuada rutrum. Cras ex metus, venenatis sit amet tristique a, laoreet ac diam. Donec lobortis sodales lorem a tincidunt. Cras ut hendrerit mauris. Nulla facilisi. Nam nec eros lobortis leo maximus mattis a a nulla. Etiam posuere, ante sit amet sagittis sollicitudin, diam elit laoreet neque, non sagittis mi leo quis massa.\r\n\r\nNullam urna augue, porttitor a tincidunt ac, bibendum et tellus. Integer faucibus odio eget dictum condimentum. Sed nisi dolor, congue volutpat suscipit ac, facilisis at orci. Nullam ultricies tellus orci, nec imperdiet felis dictum nec. Nullam condimentum blandit augue eget interdum. Praesent ullamcorper venenatis ante ac convallis. Curabitur eget ante quis nisl imperdiet luctus. Duis congue turpis nibh, ac euismod nulla malesuada eu. Nunc mattis felis quis aliquet mollis. Aliquam erat volutpat. Suspendisse potenti. Ut fermentum convallis aliquam. Nullam a luctus ligula. Class aptent taciti sociosqu ad litora torquent per conubia nostra, per inceptos himenaeos. Integer massa velit, ullamcorper at auctor a, dignissim gravida augue.');
INSERT INTO `products` VALUES (10, 2, 'Lorem ipsum 7', '2020-05-03 22:05:56', '2020-05-07 21:45:59', 'https://dummyimage.com/450x300/dee2e6/6c757d.jpg', 'Lorem ipsum dolor sit amet, consectetur adipiscing elit. Ut risus urna, mattis in dapibus ac, euismod sed enim. Pellentesque in cursus orci. Nunc nec risus eu turpis ullamcorper placerat. Suspendisse aliquam', 'Suspendisse a ipsum vestibulum, hendrerit velit et, elementum est. Morbi dictum purus eu mauris pretium auctor. Nulla vitae metus eget dui vestibulum maximus at a augue. Class aptent taciti sociosqu ad litora torquent per conubia nostra, per inceptos himenaeos. Donec scelerisque hendrerit nulla, id efficitur lacus posuere vitae. Class aptent taciti sociosqu ad litora torquent per conubia nostra, per inceptos himenaeos. Etiam nunc nunc, porttitor ac enim a, tempor mattis nunc. Duis tristique volutpat tempor. Fusce viverra elit non orci porttitor elementum.\r\n\r\nProin sed mollis lorem. Integer laoreet euismod nunc, in dictum nisl rutrum vel. Etiam rhoncus ornare nulla ut placerat. Vestibulum ante eros, faucibus sed orci vel, luctus lobortis leo. Proin id mauris et enim finibus tristique non at nisi. Nam tincidunt ultrices orci, non posuere erat tristique id. Praesent mauris quam, faucibus id diam at, interdum tincidunt nunc. Donec massa libero, fringilla sed est at, bibendum rhoncus nisl. Sed lectus justo, pulvinar ut ante ac, bibendum fermentum mi. Nullam a orci ut sapien malesuada rutrum. Cras ex metus, venenatis sit amet tristique a, laoreet ac diam. Donec lobortis sodales lorem a tincidunt. Cras ut hendrerit mauris. Nulla facilisi. Nam nec eros lobortis leo maximus mattis a a nulla. Etiam posuere, ante sit amet sagittis sollicitudin, diam elit laoreet neque, non sagittis mi leo quis massa.\r\n\r\nNullam urna augue, porttitor a tincidunt ac, bibendum et tellus. Integer faucibus odio eget dictum condimentum. Sed nisi dolor, congue volutpat suscipit ac, facilisis at orci. Nullam ultricies tellus orci, nec imperdiet felis dictum nec. Nullam condimentum blandit augue eget interdum. Praesent ullamcorper venenatis ante ac convallis. Curabitur eget ante quis nisl imperdiet luctus. Duis congue turpis nibh, ac euismod nulla malesuada eu. Nunc mattis felis quis aliquet mollis. Aliquam erat volutpat. Suspendisse potenti. Ut fermentum convallis aliquam. Nullam a luctus ligula. Class aptent taciti sociosqu ad litora torquent per conubia nostra, per inceptos himenaeos. Integer massa velit, ullamcorper at auctor a, dignissim gravida augue.');
INSERT INTO `products` VALUES (11, 2, 'Lorem ipsum 8', '2020-05-03 22:05:56', '2020-05-07 21:45:59', 'https://alimsatimcim.com/mobil/642175284.jpg', 'Lorem ipsum dolor sit amet, consectetur adipiscing elit. Ut risus urna, mattis in dapibus ac, euismod sed enim. Pellentesque in cursus orci. Nunc nec risus eu turpis ullamcorper placerat. Suspendisse aliquam', 'Suspendisse a ipsum vestibulum, hendrerit velit et, elementum est. Morbi dictum purus eu mauris pretium auctor. Nulla vitae metus eget dui vestibulum maximus at a augue. Class aptent taciti sociosqu ad litora torquent per conubia nostra, per inceptos himenaeos. Donec scelerisque hendrerit nulla, id efficitur lacus posuere vitae. Class aptent taciti sociosqu ad litora torquent per conubia nostra, per inceptos himenaeos. Etiam nunc nunc, porttitor ac enim a, tempor mattis nunc. Duis tristique volutpat tempor. Fusce viverra elit non orci porttitor elementum.\r\n\r\nProin sed mollis lorem. Integer laoreet euismod nunc, in dictum nisl rutrum vel. Etiam rhoncus ornare nulla ut placerat. Vestibulum ante eros, faucibus sed orci vel, luctus lobortis leo. Proin id mauris et enim finibus tristique non at nisi. Nam tincidunt ultrices orci, non posuere erat tristique id. Praesent mauris quam, faucibus id diam at, interdum tincidunt nunc. Donec massa libero, fringilla sed est at, bibendum rhoncus nisl. Sed lectus justo, pulvinar ut ante ac, bibendum fermentum mi. Nullam a orci ut sapien malesuada rutrum. Cras ex metus, venenatis sit amet tristique a, laoreet ac diam. Donec lobortis sodales lorem a tincidunt. Cras ut hendrerit mauris. Nulla facilisi. Nam nec eros lobortis leo maximus mattis a a nulla. Etiam posuere, ante sit amet sagittis sollicitudin, diam elit laoreet neque, non sagittis mi leo quis massa.\r\n\r\nNullam urna augue, porttitor a tincidunt ac, bibendum et tellus. Integer faucibus odio eget dictum condimentum. Sed nisi dolor, congue volutpat suscipit ac, facilisis at orci. Nullam ultricies tellus orci, nec imperdiet felis dictum nec. Nullam condimentum blandit augue eget interdum. Praesent ullamcorper venenatis ante ac convallis. Curabitur eget ante quis nisl imperdiet luctus. Duis congue turpis nibh, ac euismod nulla malesuada eu. Nunc mattis felis quis aliquet mollis. Aliquam erat volutpat. Suspendisse potenti. Ut fermentum convallis aliquam. Nullam a luctus ligula. Class aptent taciti sociosqu ad litora torquent per conubia nostra, per inceptos himenaeos. Integer massa velit, ullamcorper at auctor a, dignissim gravida augue.');
INSERT INTO `products` VALUES (12, 2, 'Lorem ipsum 9', '2020-05-03 22:05:56', '2020-05-07 21:45:59', 'https://dummyimage.com/450x300/dee2e6/6c757d.jpg', 'Lorem ipsum dolor sit amet, consectetur adipiscing elit. Ut risus urna, mattis in dapibus ac, euismod sed enim. Pellentesque in cursus orci. Nunc nec risus eu turpis ullamcorper placerat. Suspendisse aliquam', 'Suspendisse a ipsum vestibulum, hendrerit velit et, elementum est. Morbi dictum purus eu mauris pretium auctor. Nulla vitae metus eget dui vestibulum maximus at a augue. Class aptent taciti sociosqu ad litora torquent per conubia nostra, per inceptos himenaeos. Donec scelerisque hendrerit nulla, id efficitur lacus posuere vitae. Class aptent taciti sociosqu ad litora torquent per conubia nostra, per inceptos himenaeos. Etiam nunc nunc, porttitor ac enim a, tempor mattis nunc. Duis tristique volutpat tempor. Fusce viverra elit non orci porttitor elementum.\r\n\r\nProin sed mollis lorem. Integer laoreet euismod nunc, in dictum nisl rutrum vel. Etiam rhoncus ornare nulla ut placerat. Vestibulum ante eros, faucibus sed orci vel, luctus lobortis leo. Proin id mauris et enim finibus tristique non at nisi. Nam tincidunt ultrices orci, non posuere erat tristique id. Praesent mauris quam, faucibus id diam at, interdum tincidunt nunc. Donec massa libero, fringilla sed est at, bibendum rhoncus nisl. Sed lectus justo, pulvinar ut ante ac, bibendum fermentum mi. Nullam a orci ut sapien malesuada rutrum. Cras ex metus, venenatis sit amet tristique a, laoreet ac diam. Donec lobortis sodales lorem a tincidunt. Cras ut hendrerit mauris. Nulla facilisi. Nam nec eros lobortis leo maximus mattis a a nulla. Etiam posuere, ante sit amet sagittis sollicitudin, diam elit laoreet neque, non sagittis mi leo quis massa.\r\n\r\nNullam urna augue, porttitor a tincidunt ac, bibendum et tellus. Integer faucibus odio eget dictum condimentum. Sed nisi dolor, congue volutpat suscipit ac, facilisis at orci. Nullam ultricies tellus orci, nec imperdiet felis dictum nec. Nullam condimentum blandit augue eget interdum. Praesent ullamcorper venenatis ante ac convallis. Curabitur eget ante quis nisl imperdiet luctus. Duis congue turpis nibh, ac euismod nulla malesuada eu. Nunc mattis felis quis aliquet mollis. Aliquam erat volutpat. Suspendisse potenti. Ut fermentum convallis aliquam. Nullam a luctus ligula. Class aptent taciti sociosqu ad litora torquent per conubia nostra, per inceptos himenaeos. Integer massa velit, ullamcorper at auctor a, dignissim gravida augue.');
INSERT INTO `products` VALUES (13, 2, 'Lorem ipsum 10', '2020-05-03 22:05:56', '2020-05-07 21:45:59', 'https://dummyimage.com/450x300/dee2e6/6c757d.jpg', 'Lorem ipsum dolor sit amet, consectetur adipiscing elit. Ut risus urna, mattis in dapibus ac, euismod sed enim. Pellentesque in cursus orci. Nunc nec risus eu turpis ullamcorper placerat. Suspendisse aliquam', 'Suspendisse a ipsum vestibulum, hendrerit velit et, elementum est. Morbi dictum purus eu mauris pretium auctor. Nulla vitae metus eget dui vestibulum maximus at a augue. Class aptent taciti sociosqu ad litora torquent per conubia nostra, per inceptos himenaeos. Donec scelerisque hendrerit nulla, id efficitur lacus posuere vitae. Class aptent taciti sociosqu ad litora torquent per conubia nostra, per inceptos himenaeos. Etiam nunc nunc, porttitor ac enim a, tempor mattis nunc. Duis tristique volutpat tempor. Fusce viverra elit non orci porttitor elementum.\r\n\r\nProin sed mollis lorem. Integer laoreet euismod nunc, in dictum nisl rutrum vel. Etiam rhoncus ornare nulla ut placerat. Vestibulum ante eros, faucibus sed orci vel, luctus lobortis leo. Proin id mauris et enim finibus tristique non at nisi. Nam tincidunt ultrices orci, non posuere erat tristique id. Praesent mauris quam, faucibus id diam at, interdum tincidunt nunc. Donec massa libero, fringilla sed est at, bibendum rhoncus nisl. Sed lectus justo, pulvinar ut ante ac, bibendum fermentum mi. Nullam a orci ut sapien malesuada rutrum. Cras ex metus, venenatis sit amet tristique a, laoreet ac diam. Donec lobortis sodales lorem a tincidunt. Cras ut hendrerit mauris. Nulla facilisi. Nam nec eros lobortis leo maximus mattis a a nulla. Etiam posuere, ante sit amet sagittis sollicitudin, diam elit laoreet neque, non sagittis mi leo quis massa.\r\n\r\nNullam urna augue, porttitor a tincidunt ac, bibendum et tellus. Integer faucibus odio eget dictum condimentum. Sed nisi dolor, congue volutpat suscipit ac, facilisis at orci. Nullam ultricies tellus orci, nec imperdiet felis dictum nec. Nullam condimentum blandit augue eget interdum. Praesent ullamcorper venenatis ante ac convallis. Curabitur eget ante quis nisl imperdiet luctus. Duis congue turpis nibh, ac euismod nulla malesuada eu. Nunc mattis felis quis aliquet mollis. Aliquam erat volutpat. Suspendisse potenti. Ut fermentum convallis aliquam. Nullam a luctus ligula. Class aptent taciti sociosqu ad litora torquent per conubia nostra, per inceptos himenaeos. Integer massa velit, ullamcorper at auctor a, dignissim gravida augue.');
INSERT INTO `products` VALUES (14, 2, 'Lorem ipsum 11', '2020-05-03 22:05:56', '2020-05-07 21:45:59', 'https://dummyimage.com/450x300/dee2e6/6c757d.jpg', 'Lorem ipsum dolor sit amet, consectetur adipiscing elit. Ut risus urna, mattis in dapibus ac, euismod sed enim. Pellentesque in cursus orci. Nunc nec risus eu turpis ullamcorper placerat. Suspendisse aliquam', 'Suspendisse a ipsum vestibulum, hendrerit velit et, elementum est. Morbi dictum purus eu mauris pretium auctor. Nulla vitae metus eget dui vestibulum maximus at a augue. Class aptent taciti sociosqu ad litora torquent per conubia nostra, per inceptos himenaeos. Donec scelerisque hendrerit nulla, id efficitur lacus posuere vitae. Class aptent taciti sociosqu ad litora torquent per conubia nostra, per inceptos himenaeos. Etiam nunc nunc, porttitor ac enim a, tempor mattis nunc. Duis tristique volutpat tempor. Fusce viverra elit non orci porttitor elementum.\r\n\r\nProin sed mollis lorem. Integer laoreet euismod nunc, in dictum nisl rutrum vel. Etiam rhoncus ornare nulla ut placerat. Vestibulum ante eros, faucibus sed orci vel, luctus lobortis leo. Proin id mauris et enim finibus tristique non at nisi. Nam tincidunt ultrices orci, non posuere erat tristique id. Praesent mauris quam, faucibus id diam at, interdum tincidunt nunc. Donec massa libero, fringilla sed est at, bibendum rhoncus nisl. Sed lectus justo, pulvinar ut ante ac, bibendum fermentum mi. Nullam a orci ut sapien malesuada rutrum. Cras ex metus, venenatis sit amet tristique a, laoreet ac diam. Donec lobortis sodales lorem a tincidunt. Cras ut hendrerit mauris. Nulla facilisi. Nam nec eros lobortis leo maximus mattis a a nulla. Etiam posuere, ante sit amet sagittis sollicitudin, diam elit laoreet neque, non sagittis mi leo quis massa.\r\n\r\nNullam urna augue, porttitor a tincidunt ac, bibendum et tellus. Integer faucibus odio eget dictum condimentum. Sed nisi dolor, congue volutpat suscipit ac, facilisis at orci. Nullam ultricies tellus orci, nec imperdiet felis dictum nec. Nullam condimentum blandit augue eget interdum. Praesent ullamcorper venenatis ante ac convallis. Curabitur eget ante quis nisl imperdiet luctus. Duis congue turpis nibh, ac euismod nulla malesuada eu. Nunc mattis felis quis aliquet mollis. Aliquam erat volutpat. Suspendisse potenti. Ut fermentum convallis aliquam. Nullam a luctus ligula. Class aptent taciti sociosqu ad litora torquent per conubia nostra, per inceptos himenaeos. Integer massa velit, ullamcorper at auctor a, dignissim gravida augue.');
INSERT INTO `products` VALUES (15, 2, 'Lorem ipsum 12', '2020-05-03 22:05:56', '2020-05-07 21:45:59', 'https://dummyimage.com/450x300/dee2e6/6c757d.jpg', 'Lorem ipsum dolor sit amet, consectetur adipiscing elit. Ut risus urna, mattis in dapibus ac, euismod sed enim. Pellentesque in cursus orci. Nunc nec risus eu turpis ullamcorper placerat. Suspendisse aliquam', 'Suspendisse a ipsum vestibulum, hendrerit velit et, elementum est. Morbi dictum purus eu mauris pretium auctor. Nulla vitae metus eget dui vestibulum maximus at a augue. Class aptent taciti sociosqu ad litora torquent per conubia nostra, per inceptos himenaeos. Donec scelerisque hendrerit nulla, id efficitur lacus posuere vitae. Class aptent taciti sociosqu ad litora torquent per conubia nostra, per inceptos himenaeos. Etiam nunc nunc, porttitor ac enim a, tempor mattis nunc. Duis tristique volutpat tempor. Fusce viverra elit non orci porttitor elementum.\r\n\r\nProin sed mollis lorem. Integer laoreet euismod nunc, in dictum nisl rutrum vel. Etiam rhoncus ornare nulla ut placerat. Vestibulum ante eros, faucibus sed orci vel, luctus lobortis leo. Proin id mauris et enim finibus tristique non at nisi. Nam tincidunt ultrices orci, non posuere erat tristique id. Praesent mauris quam, faucibus id diam at, interdum tincidunt nunc. Donec massa libero, fringilla sed est at, bibendum rhoncus nisl. Sed lectus justo, pulvinar ut ante ac, bibendum fermentum mi. Nullam a orci ut sapien malesuada rutrum. Cras ex metus, venenatis sit amet tristique a, laoreet ac diam. Donec lobortis sodales lorem a tincidunt. Cras ut hendrerit mauris. Nulla facilisi. Nam nec eros lobortis leo maximus mattis a a nulla. Etiam posuere, ante sit amet sagittis sollicitudin, diam elit laoreet neque, non sagittis mi leo quis massa.\r\n\r\nNullam urna augue, porttitor a tincidunt ac, bibendum et tellus. Integer faucibus odio eget dictum condimentum. Sed nisi dolor, congue volutpat suscipit ac, facilisis at orci. Nullam ultricies tellus orci, nec imperdiet felis dictum nec. Nullam condimentum blandit augue eget interdum. Praesent ullamcorper venenatis ante ac convallis. Curabitur eget ante quis nisl imperdiet luctus. Duis congue turpis nibh, ac euismod nulla malesuada eu. Nunc mattis felis quis aliquet mollis. Aliquam erat volutpat. Suspendisse potenti. Ut fermentum convallis aliquam. Nullam a luctus ligula. Class aptent taciti sociosqu ad litora torquent per conubia nostra, per inceptos himenaeos. Integer massa velit, ullamcorper at auctor a, dignissim gravida augue.');
INSERT INTO `products` VALUES (16, 2, 'Lorem ipsum 13', '2020-05-03 22:05:56', '2020-05-07 21:45:59', 'https://dummyimage.com/450x300/dee2e6/6c757d.jpg', 'Lorem ipsum dolor sit amet, consectetur adipiscing elit. Ut risus urna, mattis in dapibus ac, euismod sed enim. Pellentesque in cursus orci. Nunc nec risus eu turpis ullamcorper placerat. Suspendisse aliquam', 'Suspendisse a ipsum vestibulum, hendrerit velit et, elementum est. Morbi dictum purus eu mauris pretium auctor. Nulla vitae metus eget dui vestibulum maximus at a augue. Class aptent taciti sociosqu ad litora torquent per conubia nostra, per inceptos himenaeos. Donec scelerisque hendrerit nulla, id efficitur lacus posuere vitae. Class aptent taciti sociosqu ad litora torquent per conubia nostra, per inceptos himenaeos. Etiam nunc nunc, porttitor ac enim a, tempor mattis nunc. Duis tristique volutpat tempor. Fusce viverra elit non orci porttitor elementum.\r\n\r\nProin sed mollis lorem. Integer laoreet euismod nunc, in dictum nisl rutrum vel. Etiam rhoncus ornare nulla ut placerat. Vestibulum ante eros, faucibus sed orci vel, luctus lobortis leo. Proin id mauris et enim finibus tristique non at nisi. Nam tincidunt ultrices orci, non posuere erat tristique id. Praesent mauris quam, faucibus id diam at, interdum tincidunt nunc. Donec massa libero, fringilla sed est at, bibendum rhoncus nisl. Sed lectus justo, pulvinar ut ante ac, bibendum fermentum mi. Nullam a orci ut sapien malesuada rutrum. Cras ex metus, venenatis sit amet tristique a, laoreet ac diam. Donec lobortis sodales lorem a tincidunt. Cras ut hendrerit mauris. Nulla facilisi. Nam nec eros lobortis leo maximus mattis a a nulla. Etiam posuere, ante sit amet sagittis sollicitudin, diam elit laoreet neque, non sagittis mi leo quis massa.\r\n\r\nNullam urna augue, porttitor a tincidunt ac, bibendum et tellus. Integer faucibus odio eget dictum condimentum. Sed nisi dolor, congue volutpat suscipit ac, facilisis at orci. Nullam ultricies tellus orci, nec imperdiet felis dictum nec. Nullam condimentum blandit augue eget interdum. Praesent ullamcorper venenatis ante ac convallis. Curabitur eget ante quis nisl imperdiet luctus. Duis congue turpis nibh, ac euismod nulla malesuada eu. Nunc mattis felis quis aliquet mollis. Aliquam erat volutpat. Suspendisse potenti. Ut fermentum convallis aliquam. Nullam a luctus ligula. Class aptent taciti sociosqu ad litora torquent per conubia nostra, per inceptos himenaeos. Integer massa velit, ullamcorper at auctor a, dignissim gravida augue.');
INSERT INTO `products` VALUES (17, 2, 'Lorem ipsum 14', '2020-05-03 22:05:56', '2020-05-07 21:45:59', 'https://dummyimage.com/450x300/dee2e6/6c757d.jpg', 'Lorem ipsum dolor sit amet, consectetur adipiscing elit. Ut risus urna, mattis in dapibus ac, euismod sed enim. Pellentesque in cursus orci. Nunc nec risus eu turpis ullamcorper placerat. Suspendisse aliquam', 'Suspendisse a ipsum vestibulum, hendrerit velit et, elementum est. Morbi dictum purus eu mauris pretium auctor. Nulla vitae metus eget dui vestibulum maximus at a augue. Class aptent taciti sociosqu ad litora torquent per conubia nostra, per inceptos himenaeos. Donec scelerisque hendrerit nulla, id efficitur lacus posuere vitae. Class aptent taciti sociosqu ad litora torquent per conubia nostra, per inceptos himenaeos. Etiam nunc nunc, porttitor ac enim a, tempor mattis nunc. Duis tristique volutpat tempor. Fusce viverra elit non orci porttitor elementum.\r\n\r\nProin sed mollis lorem. Integer laoreet euismod nunc, in dictum nisl rutrum vel. Etiam rhoncus ornare nulla ut placerat. Vestibulum ante eros, faucibus sed orci vel, luctus lobortis leo. Proin id mauris et enim finibus tristique non at nisi. Nam tincidunt ultrices orci, non posuere erat tristique id. Praesent mauris quam, faucibus id diam at, interdum tincidunt nunc. Donec massa libero, fringilla sed est at, bibendum rhoncus nisl. Sed lectus justo, pulvinar ut ante ac, bibendum fermentum mi. Nullam a orci ut sapien malesuada rutrum. Cras ex metus, venenatis sit amet tristique a, laoreet ac diam. Donec lobortis sodales lorem a tincidunt. Cras ut hendrerit mauris. Nulla facilisi. Nam nec eros lobortis leo maximus mattis a a nulla. Etiam posuere, ante sit amet sagittis sollicitudin, diam elit laoreet neque, non sagittis mi leo quis massa.\r\n\r\nNullam urna augue, porttitor a tincidunt ac, bibendum et tellus. Integer faucibus odio eget dictum condimentum. Sed nisi dolor, congue volutpat suscipit ac, facilisis at orci. Nullam ultricies tellus orci, nec imperdiet felis dictum nec. Nullam condimentum blandit augue eget interdum. Praesent ullamcorper venenatis ante ac convallis. Curabitur eget ante quis nisl imperdiet luctus. Duis congue turpis nibh, ac euismod nulla malesuada eu. Nunc mattis felis quis aliquet mollis. Aliquam erat volutpat. Suspendisse potenti. Ut fermentum convallis aliquam. Nullam a luctus ligula. Class aptent taciti sociosqu ad litora torquent per conubia nostra, per inceptos himenaeos. Integer massa velit, ullamcorper at auctor a, dignissim gravida augue.');
INSERT INTO `products` VALUES (18, 2, 'Lorem ipsum 15', '2020-05-03 22:05:56', '2020-05-07 21:45:59', 'https://dummyimage.com/450x300/dee2e6/6c757d.jpg', 'Lorem ipsum dolor sit amet, consectetur adipiscing elit. Ut risus urna, mattis in dapibus ac, euismod sed enim. Pellentesque in cursus orci. Nunc nec risus eu turpis ullamcorper placerat. Suspendisse aliquam', 'Suspendisse a ipsum vestibulum, hendrerit velit et, elementum est. Morbi dictum purus eu mauris pretium auctor. Nulla vitae metus eget dui vestibulum maximus at a augue. Class aptent taciti sociosqu ad litora torquent per conubia nostra, per inceptos himenaeos. Donec scelerisque hendrerit nulla, id efficitur lacus posuere vitae. Class aptent taciti sociosqu ad litora torquent per conubia nostra, per inceptos himenaeos. Etiam nunc nunc, porttitor ac enim a, tempor mattis nunc. Duis tristique volutpat tempor. Fusce viverra elit non orci porttitor elementum.\r\n\r\nProin sed mollis lorem. Integer laoreet euismod nunc, in dictum nisl rutrum vel. Etiam rhoncus ornare nulla ut placerat. Vestibulum ante eros, faucibus sed orci vel, luctus lobortis leo. Proin id mauris et enim finibus tristique non at nisi. Nam tincidunt ultrices orci, non posuere erat tristique id. Praesent mauris quam, faucibus id diam at, interdum tincidunt nunc. Donec massa libero, fringilla sed est at, bibendum rhoncus nisl. Sed lectus justo, pulvinar ut ante ac, bibendum fermentum mi. Nullam a orci ut sapien malesuada rutrum. Cras ex metus, venenatis sit amet tristique a, laoreet ac diam. Donec lobortis sodales lorem a tincidunt. Cras ut hendrerit mauris. Nulla facilisi. Nam nec eros lobortis leo maximus mattis a a nulla. Etiam posuere, ante sit amet sagittis sollicitudin, diam elit laoreet neque, non sagittis mi leo quis massa.\r\n\r\nNullam urna augue, porttitor a tincidunt ac, bibendum et tellus. Integer faucibus odio eget dictum condimentum. Sed nisi dolor, congue volutpat suscipit ac, facilisis at orci. Nullam ultricies tellus orci, nec imperdiet felis dictum nec. Nullam condimentum blandit augue eget interdum. Praesent ullamcorper venenatis ante ac convallis. Curabitur eget ante quis nisl imperdiet luctus. Duis congue turpis nibh, ac euismod nulla malesuada eu. Nunc mattis felis quis aliquet mollis. Aliquam erat volutpat. Suspendisse potenti. Ut fermentum convallis aliquam. Nullam a luctus ligula. Class aptent taciti sociosqu ad litora torquent per conubia nostra, per inceptos himenaeos. Integer massa velit, ullamcorper at auctor a, dignissim gravida augue.');
INSERT INTO `products` VALUES (19, 2, 'Lorem ipsum 16', '2020-05-03 22:05:56', '2020-05-07 21:45:59', 'https://dummyimage.com/450x300/dee2e6/6c757d.jpg', 'Lorem ipsum dolor sit amet, consectetur adipiscing elit. Ut risus urna, mattis in dapibus ac, euismod sed enim. Pellentesque in cursus orci. Nunc nec risus eu turpis ullamcorper placerat. Suspendisse aliquam', 'Suspendisse a ipsum vestibulum, hendrerit velit et, elementum est. Morbi dictum purus eu mauris pretium auctor. Nulla vitae metus eget dui vestibulum maximus at a augue. Class aptent taciti sociosqu ad litora torquent per conubia nostra, per inceptos himenaeos. Donec scelerisque hendrerit nulla, id efficitur lacus posuere vitae. Class aptent taciti sociosqu ad litora torquent per conubia nostra, per inceptos himenaeos. Etiam nunc nunc, porttitor ac enim a, tempor mattis nunc. Duis tristique volutpat tempor. Fusce viverra elit non orci porttitor elementum.\r\n\r\nProin sed mollis lorem. Integer laoreet euismod nunc, in dictum nisl rutrum vel. Etiam rhoncus ornare nulla ut placerat. Vestibulum ante eros, faucibus sed orci vel, luctus lobortis leo. Proin id mauris et enim finibus tristique non at nisi. Nam tincidunt ultrices orci, non posuere erat tristique id. Praesent mauris quam, faucibus id diam at, interdum tincidunt nunc. Donec massa libero, fringilla sed est at, bibendum rhoncus nisl. Sed lectus justo, pulvinar ut ante ac, bibendum fermentum mi. Nullam a orci ut sapien malesuada rutrum. Cras ex metus, venenatis sit amet tristique a, laoreet ac diam. Donec lobortis sodales lorem a tincidunt. Cras ut hendrerit mauris. Nulla facilisi. Nam nec eros lobortis leo maximus mattis a a nulla. Etiam posuere, ante sit amet sagittis sollicitudin, diam elit laoreet neque, non sagittis mi leo quis massa.\r\n\r\nNullam urna augue, porttitor a tincidunt ac, bibendum et tellus. Integer faucibus odio eget dictum condimentum. Sed nisi dolor, congue volutpat suscipit ac, facilisis at orci. Nullam ultricies tellus orci, nec imperdiet felis dictum nec. Nullam condimentum blandit augue eget interdum. Praesent ullamcorper venenatis ante ac convallis. Curabitur eget ante quis nisl imperdiet luctus. Duis congue turpis nibh, ac euismod nulla malesuada eu. Nunc mattis felis quis aliquet mollis. Aliquam erat volutpat. Suspendisse potenti. Ut fermentum convallis aliquam. Nullam a luctus ligula. Class aptent taciti sociosqu ad litora torquent per conubia nostra, per inceptos himenaeos. Integer massa velit, ullamcorper at auctor a, dignissim gravida augue.');
INSERT INTO `products` VALUES (20, 2, 'Lorem ipsum 17', '2020-05-03 22:05:56', '2020-05-07 21:45:59', 'https://dummyimage.com/450x300/dee2e6/6c757d.jpg', 'Lorem ipsum dolor sit amet, consectetur adipiscing elit. Ut risus urna, mattis in dapibus ac, euismod sed enim. Pellentesque in cursus orci. Nunc nec risus eu turpis ullamcorper placerat. Suspendisse aliquam', 'Suspendisse a ipsum vestibulum, hendrerit velit et, elementum est. Morbi dictum purus eu mauris pretium auctor. Nulla vitae metus eget dui vestibulum maximus at a augue. Class aptent taciti sociosqu ad litora torquent per conubia nostra, per inceptos himenaeos. Donec scelerisque hendrerit nulla, id efficitur lacus posuere vitae. Class aptent taciti sociosqu ad litora torquent per conubia nostra, per inceptos himenaeos. Etiam nunc nunc, porttitor ac enim a, tempor mattis nunc. Duis tristique volutpat tempor. Fusce viverra elit non orci porttitor elementum.\r\n\r\nProin sed mollis lorem. Integer laoreet euismod nunc, in dictum nisl rutrum vel. Etiam rhoncus ornare nulla ut placerat. Vestibulum ante eros, faucibus sed orci vel, luctus lobortis leo. Proin id mauris et enim finibus tristique non at nisi. Nam tincidunt ultrices orci, non posuere erat tristique id. Praesent mauris quam, faucibus id diam at, interdum tincidunt nunc. Donec massa libero, fringilla sed est at, bibendum rhoncus nisl. Sed lectus justo, pulvinar ut ante ac, bibendum fermentum mi. Nullam a orci ut sapien malesuada rutrum. Cras ex metus, venenatis sit amet tristique a, laoreet ac diam. Donec lobortis sodales lorem a tincidunt. Cras ut hendrerit mauris. Nulla facilisi. Nam nec eros lobortis leo maximus mattis a a nulla. Etiam posuere, ante sit amet sagittis sollicitudin, diam elit laoreet neque, non sagittis mi leo quis massa.\r\n\r\nNullam urna augue, porttitor a tincidunt ac, bibendum et tellus. Integer faucibus odio eget dictum condimentum. Sed nisi dolor, congue volutpat suscipit ac, facilisis at orci. Nullam ultricies tellus orci, nec imperdiet felis dictum nec. Nullam condimentum blandit augue eget interdum. Praesent ullamcorper venenatis ante ac convallis. Curabitur eget ante quis nisl imperdiet luctus. Duis congue turpis nibh, ac euismod nulla malesuada eu. Nunc mattis felis quis aliquet mollis. Aliquam erat volutpat. Suspendisse potenti. Ut fermentum convallis aliquam. Nullam a luctus ligula. Class aptent taciti sociosqu ad litora torquent per conubia nostra, per inceptos himenaeos. Integer massa velit, ullamcorper at auctor a, dignissim gravida augue.');
INSERT INTO `products` VALUES (21, 2, 'Lorem ipsum 18', '2020-05-03 22:05:56', '2020-05-07 21:45:59', 'https://dummyimage.com/450x300/dee2e6/6c757d.jpg', 'Lorem ipsum dolor sit amet, consectetur adipiscing elit. Ut risus urna, mattis in dapibus ac, euismod sed enim. Pellentesque in cursus orci. Nunc nec risus eu turpis ullamcorper placerat. Suspendisse aliquam', 'Suspendisse a ipsum vestibulum, hendrerit velit et, elementum est. Morbi dictum purus eu mauris pretium auctor. Nulla vitae metus eget dui vestibulum maximus at a augue. Class aptent taciti sociosqu ad litora torquent per conubia nostra, per inceptos himenaeos. Donec scelerisque hendrerit nulla, id efficitur lacus posuere vitae. Class aptent taciti sociosqu ad litora torquent per conubia nostra, per inceptos himenaeos. Etiam nunc nunc, porttitor ac enim a, tempor mattis nunc. Duis tristique volutpat tempor. Fusce viverra elit non orci porttitor elementum.\r\n\r\nProin sed mollis lorem. Integer laoreet euismod nunc, in dictum nisl rutrum vel. Etiam rhoncus ornare nulla ut placerat. Vestibulum ante eros, faucibus sed orci vel, luctus lobortis leo. Proin id mauris et enim finibus tristique non at nisi. Nam tincidunt ultrices orci, non posuere erat tristique id. Praesent mauris quam, faucibus id diam at, interdum tincidunt nunc. Donec massa libero, fringilla sed est at, bibendum rhoncus nisl. Sed lectus justo, pulvinar ut ante ac, bibendum fermentum mi. Nullam a orci ut sapien malesuada rutrum. Cras ex metus, venenatis sit amet tristique a, laoreet ac diam. Donec lobortis sodales lorem a tincidunt. Cras ut hendrerit mauris. Nulla facilisi. Nam nec eros lobortis leo maximus mattis a a nulla. Etiam posuere, ante sit amet sagittis sollicitudin, diam elit laoreet neque, non sagittis mi leo quis massa.\r\n\r\nNullam urna augue, porttitor a tincidunt ac, bibendum et tellus. Integer faucibus odio eget dictum condimentum. Sed nisi dolor, congue volutpat suscipit ac, facilisis at orci. Nullam ultricies tellus orci, nec imperdiet felis dictum nec. Nullam condimentum blandit augue eget interdum. Praesent ullamcorper venenatis ante ac convallis. Curabitur eget ante quis nisl imperdiet luctus. Duis congue turpis nibh, ac euismod nulla malesuada eu. Nunc mattis felis quis aliquet mollis. Aliquam erat volutpat. Suspendisse potenti. Ut fermentum convallis aliquam. Nullam a luctus ligula. Class aptent taciti sociosqu ad litora torquent per conubia nostra, per inceptos himenaeos. Integer massa velit, ullamcorper at auctor a, dignissim gravida augue.');
INSERT INTO `products` VALUES (22, 2, 'Lorem ipsum 19', '2020-05-03 22:05:56', '2020-05-07 21:45:59', 'https://dummyimage.com/450x300/dee2e6/6c757d.jpg', 'Lorem ipsum dolor sit amet, consectetur adipiscing elit. Ut risus urna, mattis in dapibus ac, euismod sed enim. Pellentesque in cursus orci. Nunc nec risus eu turpis ullamcorper placerat. Suspendisse aliquam', 'Suspendisse a ipsum vestibulum, hendrerit velit et, elementum est. Morbi dictum purus eu mauris pretium auctor. Nulla vitae metus eget dui vestibulum maximus at a augue. Class aptent taciti sociosqu ad litora torquent per conubia nostra, per inceptos himenaeos. Donec scelerisque hendrerit nulla, id efficitur lacus posuere vitae. Class aptent taciti sociosqu ad litora torquent per conubia nostra, per inceptos himenaeos. Etiam nunc nunc, porttitor ac enim a, tempor mattis nunc. Duis tristique volutpat tempor. Fusce viverra elit non orci porttitor elementum.\r\n\r\nProin sed mollis lorem. Integer laoreet euismod nunc, in dictum nisl rutrum vel. Etiam rhoncus ornare nulla ut placerat. Vestibulum ante eros, faucibus sed orci vel, luctus lobortis leo. Proin id mauris et enim finibus tristique non at nisi. Nam tincidunt ultrices orci, non posuere erat tristique id. Praesent mauris quam, faucibus id diam at, interdum tincidunt nunc. Donec massa libero, fringilla sed est at, bibendum rhoncus nisl. Sed lectus justo, pulvinar ut ante ac, bibendum fermentum mi. Nullam a orci ut sapien malesuada rutrum. Cras ex metus, venenatis sit amet tristique a, laoreet ac diam. Donec lobortis sodales lorem a tincidunt. Cras ut hendrerit mauris. Nulla facilisi. Nam nec eros lobortis leo maximus mattis a a nulla. Etiam posuere, ante sit amet sagittis sollicitudin, diam elit laoreet neque, non sagittis mi leo quis massa.\r\n\r\nNullam urna augue, porttitor a tincidunt ac, bibendum et tellus. Integer faucibus odio eget dictum condimentum. Sed nisi dolor, congue volutpat suscipit ac, facilisis at orci. Nullam ultricies tellus orci, nec imperdiet felis dictum nec. Nullam condimentum blandit augue eget interdum. Praesent ullamcorper venenatis ante ac convallis. Curabitur eget ante quis nisl imperdiet luctus. Duis congue turpis nibh, ac euismod nulla malesuada eu. Nunc mattis felis quis aliquet mollis. Aliquam erat volutpat. Suspendisse potenti. Ut fermentum convallis aliquam. Nullam a luctus ligula. Class aptent taciti sociosqu ad litora torquent per conubia nostra, per inceptos himenaeos. Integer massa velit, ullamcorper at auctor a, dignissim gravida augue.');
INSERT INTO `products` VALUES (23, 2, 'Lorem ipsum 20', '2020-05-03 22:05:56', '2020-05-07 21:45:59', 'https://dummyimage.com/450x300/dee2e6/6c757d.jpg', 'Lorem ipsum dolor sit amet, consectetur adipiscing elit. Ut risus urna, mattis in dapibus ac, euismod sed enim. Pellentesque in cursus orci. Nunc nec risus eu turpis ullamcorper placerat. Suspendisse aliquam', 'Suspendisse a ipsum vestibulum, hendrerit velit et, elementum est. Morbi dictum purus eu mauris pretium auctor. Nulla vitae metus eget dui vestibulum maximus at a augue. Class aptent taciti sociosqu ad litora torquent per conubia nostra, per inceptos himenaeos. Donec scelerisque hendrerit nulla, id efficitur lacus posuere vitae. Class aptent taciti sociosqu ad litora torquent per conubia nostra, per inceptos himenaeos. Etiam nunc nunc, porttitor ac enim a, tempor mattis nunc. Duis tristique volutpat tempor. Fusce viverra elit non orci porttitor elementum.\r\n\r\nProin sed mollis lorem. Integer laoreet euismod nunc, in dictum nisl rutrum vel. Etiam rhoncus ornare nulla ut placerat. Vestibulum ante eros, faucibus sed orci vel, luctus lobortis leo. Proin id mauris et enim finibus tristique non at nisi. Nam tincidunt ultrices orci, non posuere erat tristique id. Praesent mauris quam, faucibus id diam at, interdum tincidunt nunc. Donec massa libero, fringilla sed est at, bibendum rhoncus nisl. Sed lectus justo, pulvinar ut ante ac, bibendum fermentum mi. Nullam a orci ut sapien malesuada rutrum. Cras ex metus, venenatis sit amet tristique a, laoreet ac diam. Donec lobortis sodales lorem a tincidunt. Cras ut hendrerit mauris. Nulla facilisi. Nam nec eros lobortis leo maximus mattis a a nulla. Etiam posuere, ante sit amet sagittis sollicitudin, diam elit laoreet neque, non sagittis mi leo quis massa.\r\n\r\nNullam urna augue, porttitor a tincidunt ac, bibendum et tellus. Integer faucibus odio eget dictum condimentum. Sed nisi dolor, congue volutpat suscipit ac, facilisis at orci. Nullam ultricies tellus orci, nec imperdiet felis dictum nec. Nullam condimentum blandit augue eget interdum. Praesent ullamcorper venenatis ante ac convallis. Curabitur eget ante quis nisl imperdiet luctus. Duis congue turpis nibh, ac euismod nulla malesuada eu. Nunc mattis felis quis aliquet mollis. Aliquam erat volutpat. Suspendisse potenti. Ut fermentum convallis aliquam. Nullam a luctus ligula. Class aptent taciti sociosqu ad litora torquent per conubia nostra, per inceptos himenaeos. Integer massa velit, ullamcorper at auctor a, dignissim gravida augue.');
INSERT INTO `products` VALUES (24, 2, 'Lorem ipsum 21', '2020-05-03 22:05:56', '2020-05-07 21:45:59', 'https://dummyimage.com/450x300/dee2e6/6c757d.jpg', 'Lorem ipsum dolor sit amet, consectetur adipiscing elit. Ut risus urna, mattis in dapibus ac, euismod sed enim. Pellentesque in cursus orci. Nunc nec risus eu turpis ullamcorper placerat. Suspendisse aliquam', 'Suspendisse a ipsum vestibulum, hendrerit velit et, elementum est. Morbi dictum purus eu mauris pretium auctor. Nulla vitae metus eget dui vestibulum maximus at a augue. Class aptent taciti sociosqu ad litora torquent per conubia nostra, per inceptos himenaeos. Donec scelerisque hendrerit nulla, id efficitur lacus posuere vitae. Class aptent taciti sociosqu ad litora torquent per conubia nostra, per inceptos himenaeos. Etiam nunc nunc, porttitor ac enim a, tempor mattis nunc. Duis tristique volutpat tempor. Fusce viverra elit non orci porttitor elementum.\r\n\r\nProin sed mollis lorem. Integer laoreet euismod nunc, in dictum nisl rutrum vel. Etiam rhoncus ornare nulla ut placerat. Vestibulum ante eros, faucibus sed orci vel, luctus lobortis leo. Proin id mauris et enim finibus tristique non at nisi. Nam tincidunt ultrices orci, non posuere erat tristique id. Praesent mauris quam, faucibus id diam at, interdum tincidunt nunc. Donec massa libero, fringilla sed est at, bibendum rhoncus nisl. Sed lectus justo, pulvinar ut ante ac, bibendum fermentum mi. Nullam a orci ut sapien malesuada rutrum. Cras ex metus, venenatis sit amet tristique a, laoreet ac diam. Donec lobortis sodales lorem a tincidunt. Cras ut hendrerit mauris. Nulla facilisi. Nam nec eros lobortis leo maximus mattis a a nulla. Etiam posuere, ante sit amet sagittis sollicitudin, diam elit laoreet neque, non sagittis mi leo quis massa.\r\n\r\nNullam urna augue, porttitor a tincidunt ac, bibendum et tellus. Integer faucibus odio eget dictum condimentum. Sed nisi dolor, congue volutpat suscipit ac, facilisis at orci. Nullam ultricies tellus orci, nec imperdiet felis dictum nec. Nullam condimentum blandit augue eget interdum. Praesent ullamcorper venenatis ante ac convallis. Curabitur eget ante quis nisl imperdiet luctus. Duis congue turpis nibh, ac euismod nulla malesuada eu. Nunc mattis felis quis aliquet mollis. Aliquam erat volutpat. Suspendisse potenti. Ut fermentum convallis aliquam. Nullam a luctus ligula. Class aptent taciti sociosqu ad litora torquent per conubia nostra, per inceptos himenaeos. Integer massa velit, ullamcorper at auctor a, dignissim gravida augue.');
INSERT INTO `products` VALUES (25, 2, 'Lorem ipsum 22', '2020-05-03 22:05:56', '2020-05-07 21:45:59', 'https://dummyimage.com/450x300/dee2e6/6c757d.jpg', 'Lorem ipsum dolor sit amet, consectetur adipiscing elit. Ut risus urna, mattis in dapibus ac, euismod sed enim. Pellentesque in cursus orci. Nunc nec risus eu turpis ullamcorper placerat. Suspendisse aliquam', 'Suspendisse a ipsum vestibulum, hendrerit velit et, elementum est. Morbi dictum purus eu mauris pretium auctor. Nulla vitae metus eget dui vestibulum maximus at a augue. Class aptent taciti sociosqu ad litora torquent per conubia nostra, per inceptos himenaeos. Donec scelerisque hendrerit nulla, id efficitur lacus posuere vitae. Class aptent taciti sociosqu ad litora torquent per conubia nostra, per inceptos himenaeos. Etiam nunc nunc, porttitor ac enim a, tempor mattis nunc. Duis tristique volutpat tempor. Fusce viverra elit non orci porttitor elementum.\r\n\r\nProin sed mollis lorem. Integer laoreet euismod nunc, in dictum nisl rutrum vel. Etiam rhoncus ornare nulla ut placerat. Vestibulum ante eros, faucibus sed orci vel, luctus lobortis leo. Proin id mauris et enim finibus tristique non at nisi. Nam tincidunt ultrices orci, non posuere erat tristique id. Praesent mauris quam, faucibus id diam at, interdum tincidunt nunc. Donec massa libero, fringilla sed est at, bibendum rhoncus nisl. Sed lectus justo, pulvinar ut ante ac, bibendum fermentum mi. Nullam a orci ut sapien malesuada rutrum. Cras ex metus, venenatis sit amet tristique a, laoreet ac diam. Donec lobortis sodales lorem a tincidunt. Cras ut hendrerit mauris. Nulla facilisi. Nam nec eros lobortis leo maximus mattis a a nulla. Etiam posuere, ante sit amet sagittis sollicitudin, diam elit laoreet neque, non sagittis mi leo quis massa.\r\n\r\nNullam urna augue, porttitor a tincidunt ac, bibendum et tellus. Integer faucibus odio eget dictum condimentum. Sed nisi dolor, congue volutpat suscipit ac, facilisis at orci. Nullam ultricies tellus orci, nec imperdiet felis dictum nec. Nullam condimentum blandit augue eget interdum. Praesent ullamcorper venenatis ante ac convallis. Curabitur eget ante quis nisl imperdiet luctus. Duis congue turpis nibh, ac euismod nulla malesuada eu. Nunc mattis felis quis aliquet mollis. Aliquam erat volutpat. Suspendisse potenti. Ut fermentum convallis aliquam. Nullam a luctus ligula. Class aptent taciti sociosqu ad litora torquent per conubia nostra, per inceptos himenaeos. Integer massa velit, ullamcorper at auctor a, dignissim gravida augue.');
INSERT INTO `products` VALUES (26, 2, 'Lorem ipsum 23', '2020-05-03 22:05:56', '2020-05-07 21:45:59', 'https://dummyimage.com/450x300/dee2e6/6c757d.jpg', 'Lorem ipsum dolor sit amet, consectetur adipiscing elit. Ut risus urna, mattis in dapibus ac, euismod sed enim. Pellentesque in cursus orci. Nunc nec risus eu turpis ullamcorper placerat. Suspendisse aliquam', 'Suspendisse a ipsum vestibulum, hendrerit velit et, elementum est. Morbi dictum purus eu mauris pretium auctor. Nulla vitae metus eget dui vestibulum maximus at a augue. Class aptent taciti sociosqu ad litora torquent per conubia nostra, per inceptos himenaeos. Donec scelerisque hendrerit nulla, id efficitur lacus posuere vitae. Class aptent taciti sociosqu ad litora torquent per conubia nostra, per inceptos himenaeos. Etiam nunc nunc, porttitor ac enim a, tempor mattis nunc. Duis tristique volutpat tempor. Fusce viverra elit non orci porttitor elementum.\r\n\r\nProin sed mollis lorem. Integer laoreet euismod nunc, in dictum nisl rutrum vel. Etiam rhoncus ornare nulla ut placerat. Vestibulum ante eros, faucibus sed orci vel, luctus lobortis leo. Proin id mauris et enim finibus tristique non at nisi. Nam tincidunt ultrices orci, non posuere erat tristique id. Praesent mauris quam, faucibus id diam at, interdum tincidunt nunc. Donec massa libero, fringilla sed est at, bibendum rhoncus nisl. Sed lectus justo, pulvinar ut ante ac, bibendum fermentum mi. Nullam a orci ut sapien malesuada rutrum. Cras ex metus, venenatis sit amet tristique a, laoreet ac diam. Donec lobortis sodales lorem a tincidunt. Cras ut hendrerit mauris. Nulla facilisi. Nam nec eros lobortis leo maximus mattis a a nulla. Etiam posuere, ante sit amet sagittis sollicitudin, diam elit laoreet neque, non sagittis mi leo quis massa.\r\n\r\nNullam urna augue, porttitor a tincidunt ac, bibendum et tellus. Integer faucibus odio eget dictum condimentum. Sed nisi dolor, congue volutpat suscipit ac, facilisis at orci. Nullam ultricies tellus orci, nec imperdiet felis dictum nec. Nullam condimentum blandit augue eget interdum. Praesent ullamcorper venenatis ante ac convallis. Curabitur eget ante quis nisl imperdiet luctus. Duis congue turpis nibh, ac euismod nulla malesuada eu. Nunc mattis felis quis aliquet mollis. Aliquam erat volutpat. Suspendisse potenti. Ut fermentum convallis aliquam. Nullam a luctus ligula. Class aptent taciti sociosqu ad litora torquent per conubia nostra, per inceptos himenaeos. Integer massa velit, ullamcorper at auctor a, dignissim gravida augue.');
INSERT INTO `products` VALUES (27, 2, 'Lorem ipsum 24', '2020-05-03 22:05:56', '2020-05-07 21:45:59', 'https://dummyimage.com/450x300/dee2e6/6c757d.jpg', 'Lorem ipsum dolor sit amet, consectetur adipiscing elit. Ut risus urna, mattis in dapibus ac, euismod sed enim. Pellentesque in cursus orci. Nunc nec risus eu turpis ullamcorper placerat. Suspendisse aliquam', 'Suspendisse a ipsum vestibulum, hendrerit velit et, elementum est. Morbi dictum purus eu mauris pretium auctor. Nulla vitae metus eget dui vestibulum maximus at a augue. Class aptent taciti sociosqu ad litora torquent per conubia nostra, per inceptos himenaeos. Donec scelerisque hendrerit nulla, id efficitur lacus posuere vitae. Class aptent taciti sociosqu ad litora torquent per conubia nostra, per inceptos himenaeos. Etiam nunc nunc, porttitor ac enim a, tempor mattis nunc. Duis tristique volutpat tempor. Fusce viverra elit non orci porttitor elementum.\r\n\r\nProin sed mollis lorem. Integer laoreet euismod nunc, in dictum nisl rutrum vel. Etiam rhoncus ornare nulla ut placerat. Vestibulum ante eros, faucibus sed orci vel, luctus lobortis leo. Proin id mauris et enim finibus tristique non at nisi. Nam tincidunt ultrices orci, non posuere erat tristique id. Praesent mauris quam, faucibus id diam at, interdum tincidunt nunc. Donec massa libero, fringilla sed est at, bibendum rhoncus nisl. Sed lectus justo, pulvinar ut ante ac, bibendum fermentum mi. Nullam a orci ut sapien malesuada rutrum. Cras ex metus, venenatis sit amet tristique a, laoreet ac diam. Donec lobortis sodales lorem a tincidunt. Cras ut hendrerit mauris. Nulla facilisi. Nam nec eros lobortis leo maximus mattis a a nulla. Etiam posuere, ante sit amet sagittis sollicitudin, diam elit laoreet neque, non sagittis mi leo quis massa.\r\n\r\nNullam urna augue, porttitor a tincidunt ac, bibendum et tellus. Integer faucibus odio eget dictum condimentum. Sed nisi dolor, congue volutpat suscipit ac, facilisis at orci. Nullam ultricies tellus orci, nec imperdiet felis dictum nec. Nullam condimentum blandit augue eget interdum. Praesent ullamcorper venenatis ante ac convallis. Curabitur eget ante quis nisl imperdiet luctus. Duis congue turpis nibh, ac euismod nulla malesuada eu. Nunc mattis felis quis aliquet mollis. Aliquam erat volutpat. Suspendisse potenti. Ut fermentum convallis aliquam. Nullam a luctus ligula. Class aptent taciti sociosqu ad litora torquent per conubia nostra, per inceptos himenaeos. Integer massa velit, ullamcorper at auctor a, dignissim gravida augue.');
INSERT INTO `products` VALUES (28, 2, 'Lorem ipsum 25', '2020-05-03 22:05:56', '2020-05-07 21:45:59', 'https://dummyimage.com/450x300/dee2e6/6c757d.jpg', 'Lorem ipsum dolor sit amet, consectetur adipiscing elit. Ut risus urna, mattis in dapibus ac, euismod sed enim. Pellentesque in cursus orci. Nunc nec risus eu turpis ullamcorper placerat. Suspendisse aliquam', 'Suspendisse a ipsum vestibulum, hendrerit velit et, elementum est. Morbi dictum purus eu mauris pretium auctor. Nulla vitae metus eget dui vestibulum maximus at a augue. Class aptent taciti sociosqu ad litora torquent per conubia nostra, per inceptos himenaeos. Donec scelerisque hendrerit nulla, id efficitur lacus posuere vitae. Class aptent taciti sociosqu ad litora torquent per conubia nostra, per inceptos himenaeos. Etiam nunc nunc, porttitor ac enim a, tempor mattis nunc. Duis tristique volutpat tempor. Fusce viverra elit non orci porttitor elementum.\r\n\r\nProin sed mollis lorem. Integer laoreet euismod nunc, in dictum nisl rutrum vel. Etiam rhoncus ornare nulla ut placerat. Vestibulum ante eros, faucibus sed orci vel, luctus lobortis leo. Proin id mauris et enim finibus tristique non at nisi. Nam tincidunt ultrices orci, non posuere erat tristique id. Praesent mauris quam, faucibus id diam at, interdum tincidunt nunc. Donec massa libero, fringilla sed est at, bibendum rhoncus nisl. Sed lectus justo, pulvinar ut ante ac, bibendum fermentum mi. Nullam a orci ut sapien malesuada rutrum. Cras ex metus, venenatis sit amet tristique a, laoreet ac diam. Donec lobortis sodales lorem a tincidunt. Cras ut hendrerit mauris. Nulla facilisi. Nam nec eros lobortis leo maximus mattis a a nulla. Etiam posuere, ante sit amet sagittis sollicitudin, diam elit laoreet neque, non sagittis mi leo quis massa.\r\n\r\nNullam urna augue, porttitor a tincidunt ac, bibendum et tellus. Integer faucibus odio eget dictum condimentum. Sed nisi dolor, congue volutpat suscipit ac, facilisis at orci. Nullam ultricies tellus orci, nec imperdiet felis dictum nec. Nullam condimentum blandit augue eget interdum. Praesent ullamcorper venenatis ante ac convallis. Curabitur eget ante quis nisl imperdiet luctus. Duis congue turpis nibh, ac euismod nulla malesuada eu. Nunc mattis felis quis aliquet mollis. Aliquam erat volutpat. Suspendisse potenti. Ut fermentum convallis aliquam. Nullam a luctus ligula. Class aptent taciti sociosqu ad litora torquent per conubia nostra, per inceptos himenaeos. Integer massa velit, ullamcorper at auctor a, dignissim gravida augue.');

-- ----------------------------
-- Table structure for users
-- ----------------------------
DROP TABLE IF EXISTS `users`;
CREATE TABLE `users`  (
  `id` int NOT NULL AUTO_INCREMENT,
  `mail` varchar(255) CHARACTER SET utf8mb4 COLLATE utf8mb4_general_ci NULL DEFAULT NULL,
  `ad_soyad` varchar(255) CHARACTER SET utf8mb4 COLLATE utf8mb4_general_ci NULL DEFAULT NULL,
  `sifre` varchar(255) CHARACTER SET utf8mb4 COLLATE utf8mb4_general_ci NULL DEFAULT NULL,
  PRIMARY KEY (`id`) USING BTREE
) ENGINE = InnoDB AUTO_INCREMENT = 16 CHARACTER SET = utf8mb4 COLLATE = utf8mb4_general_ci ROW_FORMAT = Dynamic;

-- ----------------------------
-- Records of users
-- ----------------------------
INSERT INTO `users` VALUES (1, '43hamzacelik@gmail.com', 'hamza celik', '123');
INSERT INTO `users` VALUES (6, 'bilge@gmail.com', 'Bilgehan', '12345');
INSERT INTO `users` VALUES (14, 'asdas@asdasd.com', 'asdas@asdasd.com', '123');
INSERT INTO `users` VALUES (15, 'h2@g.com', 'Denek Denekoğlu', '123456');

SET FOREIGN_KEY_CHECKS = 1;
